	{

		"metadata": {
			"formatVersion" : 3.1,
			"generatedBy"   : "Blender 2.7 Exporter",
			"vertices"      : 116,
			"faces"         : 148,
			"normals"       : 115,
			"colors"        : 0,
			"uvs"           : [179],
			"materials"     : 1,
			"morphTargets"  : 0,
			"bones"         : 0
		},

			"scale" : 1.000000,
			
			"vertices" : [-2.02656e-06,0.147743,1.41621,-2.14577e-06,0.888281,2.04982,-0.297999,0.888281,1.77212,-0.122722,0.147743,1.30186,0.122718,0.147743,1.30186,0.297995,0.888281,1.77212,0.238595,0.147743,1.16913,0.439125,0.888281,1.61048,0.34665,0.147743,1.01917,0.570711,0.888281,1.42786,0.445949,0.147743,0.853273,0.691654,0.888281,1.22581,0.535658,0.147743,0.672808,0.8009,0.888281,1.00603,0.615007,0.147743,0.47935,0.897542,0.888281,0.770415,0.683328,0.147743,0.274533,0.980757,0.888281,0.52097,0.740044,0.147743,0.0600818,1.04982,0.888281,0.259799,0.78466,0.147743,-0.162156,1.10415,0.888281,-0.0108678,0.816801,0.147743,-0.390318,1.1433,0.888281,-0.288726,0.836192,0.147743,-0.622434,1.16692,0.888281,-0.571424,0.842677,0.147743,-0.856535,1.17447,0.888281,-0.84377,0.842677,0.147743,-3.12928,1.17447,0.888281,-3.12928,-0.84268,0.147743,-3.12928,-0.238599,0.147743,1.16913,-0.346645,0.147743,1.01917,-0.445944,0.147743,0.853273,-0.535653,0.147743,0.672808,-0.615011,0.147743,0.47935,-0.683332,0.147743,0.274533,-0.740039,0.147743,0.0600818,-0.784655,0.147743,-0.162156,-0.816796,0.147743,-0.390318,-0.836196,0.147743,-0.622434,-0.842681,0.147743,-0.856535,-1.17447,0.888281,-3.12928,-1.17447,0.888281,-0.843771,-1.34037,0.888281,-0.837389,-1.17447,0.888281,-3.30008,-1.17447,0.888281,-3.75126,-1.34036,0.888281,-3.95885,1.17447,0.888281,-3.75126,1.34036,0.888281,-3.95885,1.34036,0.888281,-0.837389,0.9512,-0.00171864,-3.31017,0.951199,-0.00171858,-0.852366,-0.951194,-0.001719,-3.31017,-0.951194,-0.00171894,-0.852366,-1.33229,0.888281,-0.545912,-0.94437,-0.00171888,-0.605746,-1.30656,0.888281,-0.237945,-0.923587,-0.00171888,-0.35708,-1.26391,0.888281,0.0647688,-0.889156,-0.00171882,-0.112673,-1.20471,0.888281,0.359651,-0.841362,-0.00171882,0.125397,-1.12947,0.888281,0.644181,-0.780606,-0.00171882,0.355132,-1.03881,0.888281,0.915947,-0.707412,-0.00171882,0.574544,-0.933525,0.888281,1.17264,-0.622412,-0.00171876,0.781805,-0.814497,0.888281,1.41207,-0.52631,-0.0017187,0.97511,-0.682746,0.888281,1.6322,-0.419931,-0.0017187,1.15284,-0.53938,0.888281,1.83116,-0.304181,-0.0017187,1.31349,-0.385638,0.888281,2.00726,-0.180051,-0.00171864,1.45566,-2.14577e-06,0.888281,2.36663,-2.02656e-06,-0.00171864,1.62344,0.385633,0.888281,2.00726,0.180047,-0.00171864,1.45566,0.539386,0.888281,1.83116,0.304187,-0.00171858,1.31349,0.682751,0.888281,1.6322,0.419927,-0.00171858,1.15284,0.814502,0.888281,1.41207,0.526306,-0.00171858,0.97511,0.93353,0.888281,1.17265,0.622408,-0.00171852,0.781805,1.03882,0.888281,0.915947,0.707418,-0.00171858,0.574545,1.12946,0.888281,0.644181,0.780612,-0.00171858,0.355132,1.20471,0.888282,0.359651,0.841358,-0.00171858,0.125397,1.26391,0.888281,0.0647689,0.889152,-0.00171858,-0.112673,1.30655,0.888281,-0.237945,0.923592,-0.00171852,-0.35708,1.33229,0.888281,-0.545911,0.944366,-0.00171852,-0.605746,1.17447,0.888281,-3.30008,1.17447,0.648281,-3.30008,1.17447,0.648281,-3.75126,-1.17447,0.648281,-3.30008,-1.17447,0.648281,-3.75126,-0.43912,0.888281,1.61048,-0.570716,0.888281,1.42786,-0.691649,0.888281,1.22581,-0.800904,0.888281,1.00603,-0.897547,0.888281,0.770415,-0.980752,0.888281,0.52097,-1.04982,0.888281,0.259799,-1.10416,0.888281,-0.0108679,-1.14331,0.888281,-0.288726,-1.16693,0.888281,-0.571424],
			"faces"    : [43,0,3,2,1,0,0,1,2,3,0,1,2,3,43,4,0,1,5,0,1,0,3,2,4,0,3,5,43,6,4,5,7,0,4,1,2,5,6,4,5,7,43,8,6,7,9,0,6,4,5,7,8,6,7,9,43,10,8,9,11,0,8,6,7,9,10,8,9,11,43,12,10,11,13,0,10,8,9,11,12,10,11,13,43,14,12,13,15,0,12,10,11,13,14,12,13,15,43,16,14,15,17,0,14,12,13,15,16,14,15,17,43,18,16,17,19,0,16,14,15,17,18,16,17,19,43,20,18,19,21,0,18,16,17,19,20,18,19,21,43,22,20,21,23,0,20,18,19,21,22,20,21,23,43,24,22,23,25,0,22,20,21,23,24,22,23,25,43,26,24,25,27,0,24,22,23,25,26,24,25,27,43,26,27,29,28,0,24,25,26,27,26,27,28,29,43,29,42,30,28,0,28,29,30,31,28,30,31,29,43,43,41,30,42,0,25,24,27,26,32,33,31,30,42,42,29,101,0,32,33,34,30,28,34,42,45,46,47,0,35,36,37,35,36,37,42,42,101,45,0,32,34,35,30,34,35,42,44,43,42,0,38,39,32,38,32,30,42,45,47,44,0,35,37,38,35,37,38,42,42,45,44,0,32,35,38,30,35,38,43,1,2,73,75,0,40,41,42,43,3,2,39,40,43,49,50,52,51,0,44,45,46,47,41,42,43,44,43,47,49,51,53,0,48,49,50,51,37,41,44,45,43,44,47,53,54,0,45,44,47,46,38,37,45,46,43,55,44,54,56,0,52,45,46,53,47,38,46,48,43,57,55,56,58,0,54,52,53,55,49,47,48,50,43,59,57,58,60,0,56,54,55,57,51,49,50,52,43,61,59,60,62,0,58,56,57,59,53,51,52,54,43,63,61,62,64,0,60,58,59,61,55,53,54,56,43,65,63,64,66,0,62,60,61,63,57,55,56,58,43,67,65,66,68,0,64,62,63,65,59,57,58,60,43,69,67,68,70,0,66,64,65,67,61,59,60,62,43,71,69,70,72,0,68,66,67,69,63,61,62,64,43,73,71,72,74,0,70,68,69,71,39,63,64,65,43,75,73,74,76,0,72,70,71,73,40,39,65,66,43,77,75,76,78,0,74,72,73,75,67,40,66,68,43,79,77,78,80,0,72,74,75,73,69,67,68,70,43,81,79,80,82,0,70,72,73,71,71,69,70,72,43,83,81,82,84,0,68,70,71,69,73,71,72,74,43,85,83,84,86,0,66,68,69,67,75,73,74,76,43,87,85,86,88,0,64,66,67,65,77,75,76,78,43,89,87,88,90,0,62,64,65,63,79,77,78,80,43,91,89,90,92,0,60,62,63,61,81,79,80,82,43,93,91,92,94,0,58,60,61,59,83,81,82,84,43,95,93,94,96,0,56,58,59,57,85,83,84,86,43,97,95,96,98,0,54,56,57,55,87,85,86,88,43,99,97,98,100,0,52,54,55,53,89,87,88,90,43,50,99,100,52,0,45,52,53,46,42,89,90,43,43,115,43,44,55,0,76,39,38,77,91,32,38,47,43,48,103,102,101,0,28,78,78,28,92,93,94,34,43,101,102,104,45,0,28,78,79,29,34,94,35,35,43,46,48,49,47,0,36,80,81,37,36,92,41,37,43,45,104,105,46,0,29,79,79,29,35,35,95,36,43,46,105,103,48,0,29,79,78,28,36,95,93,92,43,103,105,104,102,0,80,36,35,82,93,95,35,94,43,23,21,95,97,0,83,84,85,86,23,21,85,87,43,21,19,93,95,0,84,87,88,85,21,19,83,85,43,19,17,91,93,0,87,89,90,88,19,17,81,83,43,17,15,89,91,0,89,91,92,90,17,15,79,81,43,15,13,87,89,0,91,93,94,92,15,13,77,79,43,13,11,85,87,0,93,95,96,94,13,11,75,77,43,11,9,83,85,0,95,97,98,96,11,9,73,75,42,81,83,9,0,99,98,97,71,73,9,42,7,5,81,0,100,101,99,7,5,71,42,9,7,81,0,97,100,99,9,7,71,43,25,23,97,99,0,102,83,86,103,25,23,87,89,42,1,77,79,0,40,104,105,3,67,69,42,75,77,1,0,43,104,40,40,67,3,43,5,1,79,81,0,101,40,105,99,5,3,69,71,42,73,2,106,0,42,41,106,39,2,96,42,106,107,71,0,106,107,108,96,97,63,42,106,71,73,0,106,108,42,96,63,39,43,107,108,69,71,0,107,109,110,108,97,98,61,63,43,108,109,67,69,0,109,111,112,110,98,99,59,61,43,109,110,65,67,0,111,113,114,112,99,100,57,59,43,110,111,63,65,0,113,115,116,114,100,101,55,57,43,111,112,61,63,0,115,117,118,116,101,102,53,55,43,112,113,59,61,0,117,119,120,118,102,103,51,53,43,113,114,57,59,0,119,121,122,120,103,104,49,51,43,114,115,55,57,0,121,76,77,122,104,91,47,49,43,40,41,43,115,0,22,24,25,23,105,33,32,91,43,39,40,115,114,0,20,22,23,21,106,105,91,104,43,38,39,114,113,0,18,20,21,19,107,106,104,103,43,37,38,113,112,0,16,18,19,17,108,107,103,102,43,36,37,112,111,0,14,16,17,15,109,108,102,101,43,35,36,111,110,0,12,14,15,13,110,109,101,100,43,34,35,110,109,0,10,12,13,11,111,110,100,99,43,33,34,109,108,0,8,10,11,9,112,111,99,98,43,32,33,108,107,0,6,8,9,7,113,112,98,97,43,31,32,107,106,0,4,6,7,5,114,113,97,96,43,3,31,106,2,0,1,4,5,2,1,114,96,2,42,53,51,52,0,123,124,125,45,44,43,42,52,100,98,0,125,126,127,43,90,88,42,98,96,94,0,127,128,129,88,86,84,42,94,92,90,0,129,130,131,84,82,80,42,90,88,86,0,131,132,133,80,78,76,42,86,84,82,0,133,134,135,76,74,72,42,82,80,78,0,135,136,137,72,70,68,42,78,76,74,0,137,138,139,68,66,65,42,74,72,70,0,139,140,141,65,64,62,42,70,68,66,0,141,142,143,62,60,58,42,66,64,62,0,143,144,145,58,56,54,42,62,60,58,0,145,146,147,54,52,50,42,58,56,54,0,147,148,149,50,48,46,42,54,53,52,0,149,123,125,46,45,43,42,52,98,94,0,125,127,129,43,88,84,42,94,90,86,0,129,131,133,84,80,76,42,86,82,78,0,133,135,137,76,72,68,42,78,74,70,0,137,139,141,68,65,62,42,70,66,62,0,141,143,145,62,58,54,42,62,58,54,0,145,147,