	{

		"metadata": {
			"formatVersion" : 3.1,
			"generatedBy"   : "Blender 2.7 Exporter",
			"vertices"      : 86,
			"faces"         : 79,
			"normals"       : 86,
			"colors"        : 0,
			"uvs"           : [],
			"materials"     : 1,
			"morphTargets"  : 0,
			"bones"         : 0
		},

			"scale" : 1.000000,
			
			"vertices" : [-0.991153,2.06581,-1.09809,-0.991153,2.06581,0.972186,0.221554,2.0807,-1.09809,0.221553,2.0807,0.972186,3.01288,2.08176,-1.10808,1.8011,2.07719,-1.05862,1.88551,2.08015,1.00993,3.04151,2.083,-0.223588,3.05799,2.08458,0.962082,3.06196,2.05582,1.01822,-0.959442,2.05582,1.01822,3.06196,2.07146,-0.161478,-0.959443,2.07146,-0.161477,-0.989532,2.07273,-1.10287,-0.989532,2.05806,0.0383388,1.02117,2.07273,-1.10287,1.02117,2.05806,0.0383386,3.02147,2.07294,-1.0983,3.02147,2.06529,0.0429759,1.01077,2.07295,-1.0983,1.01077,2.06529,0.0429762,3.0455,0.0373331,-1.09955,3.0455,0.0373331,0.970729,-0.975901,0.0373334,0.970729,-0.975901,0.0373335,-1.09955,3.04551,2.03733,-1.09955,3.0455,2.03733,0.97073,-0.975902,2.03733,0.970729,-0.975901,2.03733,-1.09955,3.0348,0.00714171,-0.01634,-0.986604,0.0751624,-0.0163404,2.0241,0.0373331,-1.09955,2.0241,0.0373331,0.970729,0.0240984,0.084411,0.970729,0.0240989,0.0374832,-1.09955,3.0455,0.0523661,-0.0292706,-0.975901,0.0523664,-0.0292708,1.0348,0.0373334,-1.09955,1.0348,2.03733,-1.09955,1.0241,0.0751622,-0.0163402,-0.975901,0.0373334,-0.0644102,-0.975902,2.03733,-0.0644102,0.0240986,0.0655949,-0.0644102,-0.991398,2.08581,-1.09809,-0.991399,2.08581,0.972186,0.221308,2.1007,-1.09809,0.221307,2.1007,0.972186,3.01296,2.06176,-1.10805,1.80118,2.05719,-1.0586,1.88559,2.06015,1.00996,3.04159,2.063,-0.223563,3.05806,2.06458,0.962107,3.06196,2.03582,1.01795,-0.959442,2.03582,1.01795,3.06196,2.05146,-0.161743,-0.959442,2.05146,-0.161742,-0.989532,2.05273,-1.10313,-0.989532,2.03806,0.0380819,1.02117,2.05273,-1.10313,1.02117,2.03806,0.0380816,3.02147,2.05295,-1.09843,3.02147,2.04529,0.0428423,1.01077,2.05295,-1.09843,1.01077,2.04529,0.0428425,3.03743,0.0537003,-1.09137,3.03732,0.053703,0.962667,-0.967985,0.0537785,0.962552,-0.967783,0.0538477,-1.09172,3.03136,2.03733,-1.08541,3.03136,2.03733,0.956588,-0.96176,2.03733,0.956587,-0.961759,2.03733,-1.08541,3.03514,0.0271379,-0.0164071,-0.986604,0.09515,-0.0170381,2.0241,0.057333,-1.09955,2.0241,0.057333,0.970729,0.0233455,0.104395,0.970548,0.0238147,0.0574788,-1.09982,3.0455,0.0723633,-0.0289703,-0.975902,0.072364,-0.0289705,1.03492,0.0516073,-1.08554,1.0348,2.03733,-1.07955,1.02427,0.0951576,-0.0167247,-0.961944,0.0516562,-0.064572,-0.955902,2.03733,-0.0644102,0.0235798,0.0855864,-0.0646366],
			"faces"    : [35,1,0,2,3,0,0,1,2,3,34,6,8,7,0,4,5,6,34,7,4,5,0,6,7,8,34,7,5,6,0,6,8,4,35,10,9,11,12,0,9,10,11,12,35,15,13,14,16,0,13,14,15,16,35,17,19,20,18,0,17,18,19,20,35,37,21,29,39,0,21,22,23,24,35,21,25,26,22,0,22,25,26,27,35,22,26,27,23,0,27,26,28,29,35,40,41,28,24,0,30,31,32,33,35,38,37,24,28,0,34,21,33,32,35,21,22,32,31,0,22,27,35,36,35,40,24,34,42,0,30,33,37,38,35,22,23,36,35,0,27,29,39,40,35,25,21,37,38,0,25,22,21,34,35,24,37,39,30,0,33,21,24,41,35,23,40,42,33,0,29,30,38,42,35,23,27,41,40,0,29,28,31,30,35,44,46,45,43,0,43,44,45,46,34,50,51,49,0,47,48,49,34,49,48,47,0,49,50,51,34,49,47,50,0,49,51,47,35,53,55,54,52,0,52,53,54,55,35,58,59,57,56,0,56,57,58,59,35,60,61,63,62,0,60,61,62,63,35,80,82,72,64,0,64,65,66,67,35,64,65,69,68,0,67,68,69,70,35,65,66,70,69,0,68,71,72,69,35,83,67,71,84,0,73,74,75,76,35,81,71,67,80,0,77,75,74,64,35,64,74,75,65,0,67,78,79,68,35,83,85,77,67,0,73,80,81,74,35,65,78,79,66,0,68,82,83,71,35,68,81,80,64,0,70,77,64,67,35,67,73,82,80,0,74,84,65,64,35,66,76,85,83,0,71,85,80,73,35,66,83,84,70,0,71,73,76,72,35,0,1,44,43,0,1,0,43,46,35,3,2,45,46,0,3,2,45,44,35,1,3,46,44,0,0,3,44,43,35,2,0,43,45,0,2,1,46,45,35,6,5,48,49,0,4,8,50,49,35,5,4,47,48,0,8,7,51,50,35,4,7,50,47,0,7,6,47,51,35,8,6,49,51,0,5,4,49,48,35,7,8,51,50,0,6,5,48,47,35,9,10,53,52,0,10,9,52,55,35,12,11,54,55,0,12,11,54,53,35,10,12,55,53,0,9,12,53,52,35,11,9,52,54,0,11,10,55,54,35,13,15,58,56,0,14,13,56,59,35,16,14,57,59,0,16,15,58,57,35,14,13,56,57,0,15,14,59,58,35,15,16,59,58,0,13,16,57,56,35,17,18,61,60,0,17,20,61,60,35,19,17,60,62,0,18,17,60,63,35,18,20,63,61,0,20,19,62,61,35,20,19,62,63,0,19,18,63,62,35,26,25,68,69,0,26,25,70,69,35,38,28,71,81,0,34,32,75,77,35,27,26,69,70,0,28,26,69,72,35,28,41,84,71,0,32,31,76,75,35,30,39,82,73,0,41,24,65,84,35,24,30,73,67,0,33,41,84,74,35,29,21,64,72,0,23,22,67,66,35,31,32,75,74,0,36,35,79,78,35,21,31,74,64,0,22,36,78,67,35,32,22,65,75,0,35,27,68,79,35,42,34,77,85,0,38,37,81,80,35,23,33,76,66,0,29,42,85,71,35,34,24,67,77,0,37,33,74,81,35,35,36,79,78,0,40,39,83,82,35,22,35,78,65,0,27,40,82,68,35,36,23,66,79,0,39,29,71,83,35,25,38,81,68,0,25,34,77,70,35,39,29,72,82,0,24,23,66,65,35,41,27,70,84,0,31,28,72,76,35,33,42,85,76,0,42,38,80,85],
			"uvs"      : [],
			"normals"  : [-0.570208,-0.584368,0.577349,-0.570208,-0.584368,-0.577319,0.584368,-0.570208,-0.577349,0.584368,-0.570208,0.577319,-0.555528,0.575976,0.599658,0.589953,0.581744,0.559923,0.706259,0.707724,-0.017273,0.55385,0.578265,-0.599017,-0.602588,0.574328,-0.554033,-0.577349,0.569628,0.584918,0.577349,0.569628,0.584918,0.577319,0.584948,-0.569628,-0.577349,0.584948,-0.569628,0.577349,0.584704,-0.569872,-0.577319,0.584704,-0.569872,-0.577319,0.569872,0.584704,0.577349,0.569872,0.584704,0.577319,0.581195,-0.573473,-0.577349,0.581195,-0.573443,-0.577349,0.573443,0.581195,0.577349,0.573473,0.581195,-0.006073,-0.713706,-0.7004,0.582568,-0.570025,-0.579333,0.593127,-0.499069,0.631733,-0.005799,-0.689322,0.724387,0.577319,0.577349,-0.577349,0.577319,0.577349,0.577349,0.581835,-0.570879,0.579241,-0.577349,0.577349,0.577349,-0.575213,-0.576312,0.580493,-0.697897,-0.716117,0.008087,-0.707083,0.707083,0,-0.577319,0.577319,-0.577349,-0.578967,-0.578234,-0.574786,0,0.707083,-0.707083,-0.6227,-0.489456,0.610431,-0.623432,-0.488113,-0.610736,0.630146,-0.489761,-0.602496,0.726218,-0.687399,0.00766,-0.610065,-0.481552,-0.62917,0.610859,-0.478378,-0.630848,-0.612812,-0.468215,0.636555,0.639943,-0.460128,0.615375,-0.584368,0.570208,0.577319,0.570208,0.584368,0.577349,0.570208,0.584368,-0.577319,-0.584368,0.570208,-0.577349,0.711661,-0.702322,-0.015473,0.594378,-0.575793,0.561357,-0.551103,-0.578692,0.601123,-0.598193,-0.58034,-0.552568,0.558245,-0.575518,-0.597552,-0.577319,-0.584948,0.569628,-0.577349,-0.569628,-0.584948,0.577349,-0.569628,-0.584918,0.577349,-0.584918,0.569628,0.577319,-0.569872,-0.584704,0.577319,-0.584704,0.569872,-0.577349,-0.584704,0.569872,-0.577349,-0.569872,-0.584704,0.577349,-0.573443,-0.581195,0.577349,-0.581195,0.573473,-0.577319,-0.581195,0.573473,-0.577319,-0.573473,-0.581195,0.006104,0.71514,0.698904,0.006104,0.725669,0.687979,0.537828,0.648518,0.538652,0.101016,0.990844,-0.089206,0.097354,0.989807,0.103763,-0.302469,0.903867,-0.302469,-0.301523,0.904202,0.302408,-0.119266,0.98706,0.107089,0.302316,0.904538,-0.300607,0.695364,0.718589,-0.008179,-0.104343,0.98645,-0.126469,0.30137,0.904874,0.300516,0.709464,0.704733,3.1e-05,-3.1e-05,0.705344,0.708823,-0.537492,0.658101,-0.527207,-0.53798,0.657033,0.528031,0.68572,0.727805,-0.008393,0.529954,0.656209,-0.537095,0.527024,0.666433,-0.527329,-0.528977,0.6639,-0.52855,-0.530869,0.674703,0.512742,0.511551,0.682669,0.521744],
			
			"skinIndices"  : [],
			"skinWeights"  : [],
			"morphTargets" : [],
			
			"bones"      : [],
			"animations" : [],
			
			"colors"    : [],
			"materials" : [
				{
					"DbgColor": 15658734,
					"DbgIndex": 0,
					"DbgName": "cardboard",
					"blending": "NormalBlending",
					
					"colorDiffuse": [0.5810834646142311, 0.4789347032700668, 0.3332285185902357],
					"colorEmissive": [0.0, 0.0, 0.0],
					"colorSpecular": [0.6456121206283569, 0.6456121206283569, 0.6456121206283569],
					"depthTest": true,
					"depthWrite": true,
"mapDiffuse": "Cardboard.png",
"mapDiffuseWrap": ["repeat", "repeat"],
					"shading": "Lambert",
					"specularCoef": 106,
					"opacity": 1.0,
					"transparent": false,