	{

		"metadata": {
			"formatVersion" : 3.1,
			"generatedBy"   : "Blender 2.7 Exporter",
			"vertices"      : 18,
			"faces"         : 25,
			"normals"       : 15,
			"colors"        : 0,
			"uvs"           : [18],
			"materials"     : 1,
			"morphTargets"  : 0,
			"bones"         : 0
		},

			"scale" : 1.000000,
			
			"vertices" : [-9.019,0.0179195,0.05918,-9.019,6.51392,0.0591797,-9.019,0.0179195,-0.05918,-9.019,6.51392,-0.0591803,9.019,0.0179195,0.05918,9.019,6.51392,0.0591797,9.019,0.0179195,-0.05918,9.019,6.51392,-0.0591803,-0.388848,0.0179195,0.05918,0.419118,0.0179195,0.05918,-0.388802,0.0285237,0.05918,-0.380292,1.98358,0.0591797,0.407055,1.98101,0.0591799,0.39481,0.0179195,-0.05918,-0.381236,0.0179195,-0.05918,0.394767,0.0208876,-0.05918,0.366729,1.96964,-0.0591796,-0.357549,1.96894,-0.0591796],
			"faces"    : [43,0,1,3,2,0,0,1,2,3,0,1,2,3,42,14,2,3,0,4,0,1,4,3,2,42,3,7,6,0,1,2,3,2,5,6,42,6,13,15,0,3,5,6,6,7,8,42,6,15,16,0,3,6,7,6,8,8,42,17,14,3,0,8,4,1,8,4,2,42,3,6,16,0,1,3,7,2,6,8,42,3,16,17,0,1,7,8,2,8,8,43,6,7,5,4,0,0,1,2,3,6,5,9,10,42,9,4,5,0,9,0,1,11,10,9,42,5,1,0,0,1,2,3,9,1,0,42,0,8,10,0,3,10,11,0,12,13,42,0,10,11,0,3,11,12,0,13,13,42,12,9,5,0,13,9,1,14,11,9,42,5,0,11,0,1,3,12,9,0,13,42,5,11,12,0,1,12,13,9,13,14,42,0,2,14,0,3,0,14,0,3,4,42,13,6,4,0,15,1,2,7,6,10,42,0,14,13,0,3,14,15,0,4,7,42,4,9,8,0,2,16,17,10,11,12,42,8,0,13,0,17,3,15,12,0,7,42,13,4,8,0,15,2,17,7,10,12,43,7,3,1,5,0,0,1,2,3,5,2,1,9,42,10,8,9,0,11,10,9,13,12,11,42,15,13,14,0,6,5,4,8,7,4],
			"uvs"      : [[0,0,1,0,1,1,0,1,0,0.478865,0,0.521888,0.000457,0.521885,0.30045,0.520331,0.300342,0.480178,0,0.476765,0,0.521557,0.001632,0.521555,0.302596,0.521083,0.302199,0.477433,0.478865,0,0.521888,0,0.523235,1,0.478443,1]],
			"normals"  : [-0.577349,-0.577349,0.577349,-0.577349,0.577349,0.577349,-0.577349,0.577349,-0.577349,-0.577349,-0.577349,-0.577349,0,-0.892575,-0.450819,0.577349,0.577349,-0.577349,0.577349,-0.577349,-0.577349,0,-0.707083,-0.707083,0,0,-1,0.577349,0.577349,0.577349,0.577349,-0.577349,0.577349,0,-0.892178,0.451613,0,-0.707083,0.707083,0,0,1,0,0,0.999969],
			
			"skinIndices"  : [],
			"skinWeights"  : [],
			"morphTargets" : [],
			
			"bones"      : [],
			"animations" : [],
			
			"colors"    : [],
			"materials" : [
				{
					"DbgColor": 15658734,
					"DbgIndex": 0,
					"DbgName": "Material.001",
					"blending": "NormalBlending",
					
					"colorDiffuse": [0.800000011920929, 0.800000011920929, 0.800000011920929],
					"colorEmissive": [0.0, 0.0, 0.0],
					"colorSpecular": [0.5, 0.5, 0.5],
					"depthTest": true,
					"depthWrite": true,
					"mapDiffuse": "horror1.jpg",
					"mapDiffuseWrap": ["repeat", "repeat"],
					"shading": "Lambert",
					"specularCoef": 50,
					"opacity": 1.0,
					"transparent": false,
					"vertexColors": false
				}
			]


	}
